地區,地址,地名,代號
屏東縣泰武鄉,北大武山步道2.6K,西大武山,C1R61
臺東縣達仁鄉,(大武事業區48林班、電信轉播站後),壽卡,C1S88
屏東縣牡丹鄉,(恆春事業區21林班、電信轉播台附近),牡丹池山,C0R42
屏東縣獅子鄉,草埔村 - 第7河川局,壽卡,01R00
臺東縣太麻里鄉,金崙段304-1地號,金崙,C0S79
屏東縣牡丹鄉,牡丹村 - 第7河川局,牡丹,01Q86
臺東縣金峰鄉,嘉蘭村12鄰665號 - 水保局,金峰鄉公所,81S92
臺東縣成功鎮,博愛里 - 水保局,膽曼,81S91
臺東縣大武鄉,大武街115號,大武,46754
臺東縣太麻里鄉,多良村(原中華電信轉播站旁),大溪山,C0S77
臺東縣金峰鄉,(公所原生植物園區),金峰,C1S82
臺東縣大武鄉,大鳥村 - 水保局,大鳥,88S67
臺東縣卑南鄉,東興村(大南發電所) - 第8河川局,南鵝,01S56
臺東縣太麻里鄉,賓茂村68號(賓茂國小) - 第8河川局,賓茂國小,O1S66
臺東縣金峰鄉,金山段125地號 - 第8河川局,金針山,O1S68
屏東縣牡丹鄉,旭海村6號(旭海分駐所附近),旭海,C1R30
臺東縣成功鎮,(南美山產業道路底附近),南美山,C1S87
臺東縣達仁鄉,土阪村1鄰10號(土阪國小),土阪,C1S62
屏東縣滿州鄉,長樂村大公路14號(往南仁山方向),檳榔,C0R28
花蓮縣卓溪鄉,卓清村(卓樂社區長老教會旁),卓樂,C1Z01
臺東縣達仁鄉,南田村(南田風景區公園對面),南田,C0S84
臺東縣達仁鄉,(新化警察派出所後) - 第8河川局,紹家,01S36
臺東縣太麻里鄉,溫泉村(上泓泉度假飯店) - 第8河川局,知本(5),01S21
臺東縣太麻里鄉,華源村,華源,C1S80
臺東縣卑南鄉,溫泉村(溫泉國小樂山分校),知本,C0S70
花蓮縣豐濱鄉,石梯坪 - 水保局,石梯坪,81T88
花蓮縣富里鄉,道化路82號 - 水保局,東里國中,81T91
臺東縣長濱鄉,樟原村三間南溪5號(南溪國小後) - 第8河川局,樟原(1),01S27
臺東縣太麻里鄉,佳崙產業道路(往金針山茶區方向),太麻里,C0S69
臺東縣大武鄉,大竹村 - 水保局,愛國埔分校,81S88
花蓮縣富里鄉,豐南村花82縣道底(叉路1K),豐南,C1S85
花蓮縣卓溪鄉,卓溪村中正72號 - 水保局,卓溪國小,81T90
臺東縣海端鄉,向陽工務段,向陽,C0S75
花蓮縣卓溪鄉,卓清村(卓樂國小) - 第9河川局,卓麓(4),01T22
花蓮縣富里鄉,竹田村25鄰雲閩36號(彭大媽客家食堂) - 第9河川局,六十石山,01T9J
花蓮縣卓溪鄉,清水6號 - 第9河川局,卓清國小,O1T81
臺東縣長濱鄉,竹湖村(移民橋後山三角點),長濱,C0S83
花蓮縣豐濱鄉,靜浦村(活動中心後山),靜浦,C0T9M
臺東縣長濱鄉,忠勇村(忠勇國小附近) - 第8河川局,忠勇,01S26
高雄市大樹區,溪埔里之台21線285K-286K間,溪埔,C0V35
臺東縣池上鄉,新興村104號(退輔會臺東農場),池上,C0S74
花蓮縣玉里鎮,樂合里新民41號(樂合國小),玉里,C0Z06
臺東縣東河鄉,北源村順那路21號(北源國小) - 第8河川局,北源,01S87
花蓮縣富里鄉,明里村(明里社區後山),明里,C0Z02
花蓮縣卓溪鄉,太平村1鄰2號 - 第9河川局,太平國小,O1T82
臺東縣成功鎮,公民路84號,成功,46761
屏東縣內埔鄉,龍泉村原勝路6號(崇文國小),龍泉,C1R20
臺東縣海端鄉,海瑞村新武呂5號 - 第8河川局,新武(3),01S44
屏東縣牡丹鄉,199縣道23K-23.5K(恆春事業區25林班),牡丹,C1R34
屏東縣瑪家鄉,佳義村 - 水保局,佳義國小,81R64
屏東縣獅子鄉,丹路村 - 水保局,丹路國小,81R65
臺東縣海端鄉,台20縣169K(福德宮後),摩天,C1S67
花蓮縣瑞穗鄉,中正北路二段35號 - 水保局,瑞北國小,81T89
臺東縣卑南鄉,利嘉林道6K附近,利嘉,C1S86
屏東縣泰武鄉,泰武村(舊泰武村) - 第7河川局,泰武(1),01Q25
臺東縣鹿野鄉,瑞豐村 - 水保局,加拿國小,81S90
花蓮縣瑞穗鄉,奇美村3鄰47號(奇美國小) - 第9河川局,奇美國小,O1T80
臺東縣海端鄉,(原下馬派出所旁),下馬,C1S66
臺東縣關山鎮,電光里中興路93號(電光國小) - 第8河川局,電光,01S86
臺東縣卑南鄉,建和里 - 水保局,射馬干,81S93
臺東縣海端鄉,霧鹿村2鄰12號 - 第8河川局,霧鹿,01S43
花蓮縣萬榮鄉,(紅葉村教堂附近),紅葉,C1Z03
花蓮縣瑞穗鄉,舞鶴村(加納納山三角點),舞鶴,C0Z07
屏東縣泰武鄉,泰武村良武巷101號(舊泰武村老人活動中心),舊泰武,C0R60
臺南市安定區,南安村油車33之11號(安定消防分隊),安定,C0X15
臺東縣鹿野鄉,鹿鳴村7號(原水文觀測站) - 第8河川局,鹿鳴橋,O1S12
花蓮縣玉里鎮,觀音里15鄰9號(觀音國小),高寮,C1T99
花蓮縣卓溪鄉,立山村山里65號 - 第9河川局,立山,01T23
屏東縣滿州鄉,港口村茶山路14號(佳樂山工作站),佳樂水,C0R37
高雄市桃源區,(排雲山莊往南峰方向1.5K),排雲,C1V17
花蓮縣卓溪鄉,立山村(後山),立山,C1Z04
屏東縣長治鄉,德成村中興路572-1號(長治消防分隊),長治,C0R48
臺東縣東河鄉,北東河16鄰35號(東河國小),東河,C0S81
屏東縣鹽埔鄉,(彭厝國小),新圍,C0R16
臺東縣關山鎮,(親水公園),關山,C0S89
花蓮縣卓溪鄉,玉里林道林務局屋舍旁 - 第9河川局,苗圃,01T24
花蓮縣光復鄉,大興村 - 水保局,大興,81T9K
屏東縣恆春鎮,燈塔路51巷33號(墾丁雷達站區),墾雷,C0R62
臺東縣鹿野鄉,(鹿野高台高眺亭旁),鹿野,C0S71
臺東縣東河鄉,都蘭村431號(都蘭國小),都蘭,C1S63
花蓮縣富里鄉,明里村2鄰明里24號(老村長家) - 第9河川局,明里,01T72
高雄市阿蓮區,(阿蓮區公所),阿蓮,C0V53
花蓮縣豐濱鄉,豐濱村光豐路51號(自來水豐濱營運所) - 第9河川局,豐濱,01T73
高雄市燕巢區,金山里番田路29號(金山國小) - 第6河川局,水利署金山,01P39
屏東縣牡丹鄉,(恆春事業區29林班、石門古戰場),石門山,C1R29
臺東縣延平鄉,紅葉村紅谷路2號(卑南上圳管理房頂) - 第8河川局,上里,01S57
花蓮縣萬榮鄉,(太田事業區128林班、馬太鞍苗圃),太安,C1T95
臺東縣綠島鄉,,綠島,C0S73
高雄市岡山區,岡山路341號(岡山地政事務所),岡山,C0V66
花蓮縣萬榮鄉,林道16K(馬錫山) - 第9河川局,馬太安,01T66
臺中市和平區,自由里東崎路二段116號,雙崎,C0F90
臺東縣臺東市,大同路106號,臺東,46766
花蓮縣豐濱鄉,豐濱村,豐濱,C0T9I
屏東縣里港鄉,永春村中山路104號(里港鄉公所),里港,C0R59
高雄市大社區,自強街1號(大社區公所),大社,C0V77
屏東縣瑪家鄉,瑪家村(內埔分局) - 第7河川局,新瑪家,01Q92
屏東縣來義鄉,來義村 - 水保局,水保局來義,88R46
臺東縣蘭嶼鄉,紅頭村2號,蘭嶼,46762
花蓮縣光復鄉,大豐村9鄰265號(富源國中對面山腰),富源,C0Z08
高雄市燕巢區,西燕里工程路1號(阿公店水庫),阿公店,C0V40
南投縣信義鄉,(人倫17林班苗圃) - 第4河川局,西巒,01H47
臺南市西港區,中山路450號(西港消防分隊),西港,C0X14
臺南市安南區,公學路六段589號(學東國小),安南,C0O95
屏東縣來義鄉,來義村72號(來義國小內社分校) - 第7河川局,新來義,01Q35
臺東縣卑南鄉,美農村 - 水保局,初鹿國中,81S89
臺東縣卑南鄉,利吉村10鄰環山路12號(利吉國小) - 第8河川局,利吉國小,O1S65
高雄市桃源區,梅山村(天池工作站) - 第7河川局,天池,01V07
彰化縣社頭鄉,社斗路一段258號(社頭國小),社頭,C0G86
屏東縣牡丹鄉,石門村 - 第7河川局,石門,01Q87
高雄市燕巢區,尖山里尖山巷11-1號(燕巢國小尖山分校),尖山,C1V39
屏東縣萬巒鄉,新隆路64號、佳佐段180號(萬隆農場),來義,C0R24
高雄市阿蓮區,清蓮里中山路222號(水利會阿蓮工作站) - 第6河川局,阿蓮(2),01P50
屏東縣春日鄉,(大漢山頂),大漢山,C1R44
新竹縣尖石鄉,嘉樂村6鄰7號 - 水保局,尖石國小,81D63
屏東縣內埔鄉,水門村成功路83號(國立內埔農工),三地門,C0R15
高雄市湖內區,中山路一段290-1號(湖街派出所),湖內,C0V64
屏東縣內埔鄉,北葉村風景巷85號(瑪家鄉公所) - 第7河川局,三地門,01Q93
臺東縣延平鄉,武陵村(武陵國小後) - 第8河川局,武陵,01S13
屏東縣恆春鎮,墾丁里牧場路1號(畜產試驗所恆春分所),墾丁,C0R36
屏東縣恆春鎮,天文路50號,恆春,46759
屏東縣九如鄉,九如路二段416號(九如鄉公所),九如,C0R49
嘉義縣番路鄉,大湖村下坪5鄰8號(大湖國小) - 第5河川局,大湖山,01L39
高雄市旗津區,東沙52號,東沙島,46810
高雄市橋頭區,隆豐路1號(橋頭區公所),橋頭,C0V76
嘉義縣番路鄉,大湖村五鄰下坪8號(大湖國小),大湖,C1M57
屏東縣春日鄉,力里村 - 第7河川局,大漢山,01R03
臺南市佳里區,(延平派出所附近),佳里,C0X08
高雄市那瑪夏區,達卡努瓦里,達卡努瓦,C1V16
屏東縣瑪家鄉,瑪家村4鄰24號(後山),瑪家,C0R14
高雄市桃源區,石山林道7K(特有生物研究保育中心中海拔試驗站),溪南,C1V58
高雄市旗山區,大德里(旗山國中) - 第7河川局,旗山(4),O1P47
臺南市七股區,鹽埕237-11號(七股雷達站),七股,C0X31
屏東縣萬巒鄉,建興路40號(赤山國小),赤山,C0R19
宜蘭縣南澳鄉,(東澳嶺營區),東澳嶺,C1U84
臺南市南區,明興路2號(南區區公所),臺南市南區,C0X11
新竹縣五峰鄉,竹林村羅山15號(竹林國小分校後) - 第2河川局,太閣南,01D10
高雄市茂林區,多納林道9K(林試所六龜研究中心多納苗圃),多納林道,C1V78
苗栗縣卓蘭鎮,內灣里 - 水保局,白布帆,81E87
臺南市學甲區,華宗路313號(學甲區公所),學甲,C0X22
高雄市那瑪夏區,瑪雅里平和巷171號 - 水保局,那瑪夏國中,81V83
嘉義縣大埔鄉,西興村,菜瓜坪,C1M40
嘉義縣布袋鎮,龍江里2-2號(布袋消防分隊),布袋,C0M75
高雄市路竹區,國昌路76號(路竹區公所),路竹,C0V75
屏東縣春日鄉,七佳村自強一路92號(力里國小),力里,C1R25
臺南市歸仁區,沙崙里184號(北沙崙農場),沙崙,C1N00
花蓮縣壽豐鄉,(中興大橋旁),中興,C1T92
屏東縣霧臺鄉,霧臺村神山巷73號 - 第7河川局,神山,O1S69
屏東縣來義鄉,南和村南和288號(南和派出所) - 第7河川局,南和,01Q36
屏東縣潮州鎮,泗林村開元2巷1號(泗林國小) - 第7河川局,泗林,01R44
高雄市那瑪夏區,瑪雅村和平巷171號 - 第7河川局,民權,O1V52
嘉義縣阿里山鄉,里佳村,里佳,C0M81
嘉義縣番路鄉,公興村中寮21號(公興村活動中心) - 第5河川局,小公田(2),01L36
花蓮縣豐濱鄉,臨海段776-4地號(加路蘭山營區),加路蘭山,C0T9H
高雄市田寮區,古亭里,古亭坑,C0V37
屏東縣潮州鎮,光春路290號(縣立光春國中),潮州,C0R22
屏東縣春日鄉,(春日國小),春日,C0R26
屏東縣霧臺鄉,(屏東事業區46林班、離山地文化村方向、轉播站前),阿禮,C0R13
臺南市北區,文賢路678號(和緯消防分隊),臺南市北區,C0X10
花蓮縣鳳林鎮, - 水保局,山興分校,81T86
屏東縣麟洛鄉,中山路158號(麟洛鄉公所),麟洛,C0R57
高雄市田寮區,古亭里廟後巷2號(社區活動中心) - 第6河川局,水利署古亭坑,01P28
臺南市仁德區,仁義路432號(仁德消防分隊),仁德,C0X16
屏東縣崁頂鄉,中正路117號(崁頂分駐所) - 第7河川局,崁頂,O1R63
高雄市那瑪夏區,(曾文水庫表湖雨量站旁),表湖,C0V15
屏東縣崁頂鄉,崁頂村興農路20之10號(崁頂消防分隊),崁頂,C0R52
屏東縣屏東市,復興路245號(台糖屏東區處場區),屏東,C0R17
臺南市中西區,公園路21號,臺南,46741
臺南市將軍區,將貴里58號(將軍國小),將軍,C0X28
花蓮縣光復鄉,大農段691地號(花蓮糖廠大農農場),大農,C1T97
臺南市北門區,北門里舊埕108號(北門區公所),北門,C0X29
屏東縣新埤鄉,民眾路103號(新埤消防分隊),新埤,C0R55
臺南市南化區,關山里96號(瑞峰國小) - 第6河川局,關山,01O76
高雄市桃源區,高中里,高中,C1V23
高雄市桃源區,梅山巷55號(青年活動中心) - 第7河川局,梅山(2),01V06
高雄市旗山區,延平一路499號(旗山區公所),旗山,C0V74
臺南市安平區,城平路2號(台江國家公園管理處),安平,C0X19
高雄市永安區,永安路32號(永安消防分隊),永安,C0V62
高雄市茄萣區,濱海路四段27號(茄萣區公所),茄萣,C0V63
屏東縣三地門鄉,德文村口(公墓旁),上德文,C1R12
新竹縣五峰鄉,(羅山工作站後山、羅山瞭望台旁),太閣南,C1D42
臺南市鹽水區,竹埔里1號(竹埔派出所),鹽水,C0X23
屏東縣佳冬鄉,佳昌路2號(佳冬鄉公所),佳冬,C0R54
花蓮縣鳳林鎮,鳳義里 - 水保局,鳳義坑,81T9J
屏東縣高樹鄉,興中路329號(高樹鄉公所),高樹,C0R47
屏東縣三地門鄉,沙溪林道19.2K高處(尾寮山瞭望台旁),尾寮山,C0R10
高雄市桃源區,復興里復興巷1鄰15號,復興,C0V21
花蓮縣壽豐鄉,10鄰山嶺80-1號(中華電信賀田山機房旁),大坑,C0T9E
屏東縣高樹鄉,新豐村民安路1-10號 - 第7河川局,新豐(1),O1R45
花蓮縣鳳林鎮,,鳳林山,C0T9G
花蓮縣光復鄉,東富路六十號(東富國小) - 第9河川局,東富,01T9L
屏東縣竹田鄉,中正路123號(竹田鄉公所),竹田,C0R50
花蓮縣萬榮鄉,西林村 - 第9河川局,新東礦,01T67
彰化縣員林市,萬年里明倫路2號(明倫國中),員林,C0G65
高雄市梓官區,梓官路258號(梓官區公所),梓官,C0V61
臺南市南化區,關山里西阿里山關83號(瑞峰國小附近),關山,C1O88
嘉義縣阿里山鄉,中正村4鄰東阿里山73-1號,阿里山,46753
嘉義縣阿里山鄉,茶山路62號之1(茶山村衛生室),茶山,C0M80
高雄市桃源區,(藤枝森林遊樂區遊客中心),藤枝,C1V60
高雄市楠梓區,德民路1010號(國昌國中),楠梓,C0V67
臺南市歸仁區,中正北路三段60號(保西國小),媽廟,C0O99
屏東縣三地門鄉,口社村5鄰信義巷58-5號,口社,C1R11
高雄市美濃區,吉東里吉頂路19號(吉東國小),吉東,C1V57
南投縣信義鄉,楠溪林道0K+200(玉山登山口附近) - 第7河川局,楠溪,O1I36
花蓮縣萬榮鄉,西林路8鄰114號(西林國小),西林,C0T90
屏東縣琉球鄉,天台段596、597地號,琉球嶼,C0R27
屏東縣林邊鄉,光林村和平路45號(林邊鄉衛生所),林邊,C0R53
花蓮縣壽豐鄉,大學路二段1號(國立東華大學),東華,C0Z10
屏東縣屏東市,建國路291號 - 第7河川局,屏東(5),00Q07
高雄市仁武區,中正路133號(仁武區公所),仁武,C0V68
高雄市彌陀區,中正北路7號(彌陀消防分隊),彌陀,C0V65
高雄市六龜區,大津里34號(大津登山訓練中心),大津,C1V34
南投縣信義鄉,台18線107.5K(對高岳營林區31林班446號、新高口),新高口,C1I44
高雄市桃源區,(荖濃溪事業區99林班),小關山,C1V22
嘉義縣大埔鄉,永樂村1鄰內灣仔2號,馬頭山,C0M41
屏東縣新園鄉,仙吉村店口路116號(新園消防分隊),新園,C0R56
嘉義縣阿里山鄉,山美村(原阿里山鄉農會山美辦事處),山美,C0M83
花蓮縣萬榮鄉,西林村23號 - 第9河川局,西林,01T56
臺南市東山區,高原村北寮路78號 - 第5河川局,北寮,01O20
屏東縣三地門鄉,口社村信義巷58號(口社國小) - 第7河川局,古夏,01Q61
彰化縣埔心鄉,舊館村員鹿路四段201號(舊館國小),埔心,C0G81
屏東縣南州鄉,溪南村人和路241號(南州消防分隊),南州,C0R58
屏東縣萬丹鄉,新庄村新鐘路410號 - 第7河川局,新庄國小,O1R62
彰化縣田尾鄉,中正路二段101號(仁豐國小),田尾,C0G82
苗栗縣泰安鄉,象鼻村1鄰13號(象鼻派出所) - 第3河川局,象鼻(1),01E06
南投縣信義鄉,玉山北峰1號,玉山,46755
新竹縣五峰鄉,花園93號 - 水保局,花園派出所,81D66
花蓮縣萬榮鄉,台16線12K,大觀,C1T94
高雄市小港區,水庫段96-1號(鳳山給水廠),鳳森,C0V45
臺中市和平區,(八仙山事業區49林班、原山苗圃觀測坪附近),稍來,C1F89
嘉義縣阿里山鄉,豐山村 - 水保局,豐山,81M02
高雄市桃源區,樟山段18地號(梅山口游客中心附近),梅山,C1V20
屏東縣東港鎮,豐漁街66號(國立東水),東港,C0R43
南投縣信義鄉,郡大林道32K附近(巒大事業區131林班、望鄉山三角點),望鄉山,C1I45
屏東縣萬丹鄉,萬安村和平東路69號(萬丹消防分隊),萬丹,C0R51
臺南市白河區,崎內里12號(鹿寮水庫),鹿寮,C0X30
臺南市白河區,(大棟山三角點),大棟山,C1O87
高雄市茂林區,萬山段710地號,萬山,C0V79
花蓮縣壽豐鄉,水璉村,水璉,C0T9F
高雄市美濃區,合和里美中路260號 - 第7河川局,美濃(2),01P77
高雄市新興區,大同一路231號(大同國小),新興,C0V49
臺南市白河區,關嶺里94-3號(關嶺國小) - 第5河川局,關子嶺(2),01O07
高雄市茂林區,多納巷4號 - 第7河川局,多納(1),O1V55
高雄市美濃區,福安里中山路二段204巷65號(美濃區福安國小後),美濃,C0V31
嘉義縣番路鄉,公興村龍美地區(原瀨頭),龍美,C1M39
花蓮縣壽豐鄉,(月眉山附近),月眉山,C0T9A
彰化縣田中鎮,中州路一段177號(田中國小),田中,C0G85
花蓮縣壽豐鄉,壽豐村壽山路19號(壽豐國小),壽豐,C1T89
臺南市白河區,關嶺里94-3號(仙草國小關嶺分校),關子嶺,C0X24
花蓮縣秀林鄉,原水源段(苗圃),水源,C0T9B
嘉義縣番路鄉,阿里山公路23K興社產業道路底,頭凍,C1M60
嘉義縣竹崎鄉,緞繻村樟腦寮31號 - 第5河川局,樟腦寮(2),01L48
高雄市苓雅區,三多一路162號(苓雅消防分隊),苓雅,C0V71
南投縣信義鄉,神木村(對高岳營林區29林班444號、神木工作分站後山),神木村,C0H9A
花蓮縣壽豐鄉,池南村池南路一段8號(鯉魚潭風景區旁),鯉魚潭,C0T87
嘉義縣水上鄉,三鎮村三鎮路119號(水上消防分隊),水上,C0M69
苗栗縣卓蘭鎮,中山路127號(卓蘭鎮公所),卓蘭,C0E79
嘉義縣朴子市,竹村里36號(竹村國小),朴子,C0M65
苗栗縣泰安鄉,象鼻村,象鼻,C1E45
高雄市大寮區,鳳林三路492號(大寮區公所),大寮,C0V73
花蓮縣壽豐鄉,溪口村溪口路87號 - 水保局,溪口國小,81T85
花蓮縣吉安鄉,吉安村吉安路二段97號(吉安國小),吉安,C1T85
臺中市和平區,達觀里東崎路一段育英巷6號 - 水保局,達觀國小,81F91
屏東縣獅子鄉,內獅村1號 - 水保局,內獅國小,81R66
雲林縣水林鄉,松中村蔦松路213號(蔦松國小),蔦松,C0K55
高雄市左營區,左營大路1號(市立海青高工),左營,C0V81
南投縣信義鄉,台21線(新興橋附近),新興橋,C1I34
高雄市鳳山區,文山路園藝巷4號(鳳山熱帶園藝試驗分所),鳳山,C0V44
臺南市龍崎區,中坑里5鄰13號,崎頂,C0O96
臺中市和平區,(小雪山山莊) - 第3河川局,雪嶺,01F35
高雄市鼓山區,臨海一路61-1號(鼓山消防分隊),鼓山,C0V69
高雄市旗山區,旗甲路二段209號 - 第7河川局,圓富國中,O1V82
南投縣信義鄉,神木村 - 水保局,神木,81I53
嘉義縣竹崎鄉,光華村,石磐龍,C1M61
高雄市三民區,十全一路88號(十全消防分隊),三民,C0V70
新竹縣新埔鎮,中正路792號(新埔國中後體育館) - 第2河川局,新埔(1),01D31
高雄市六龜區,(旗山事業區61林班),新發,C1V59
臺中市和平區,(大安溪事業區122林班烏石坑苗圃),烏石坑,C1F9H
嘉義縣阿里山鄉,豐山村 - 第4河川局,豐山,O1M64
嘉義縣中埔鄉,沄水村5鄰16號 - 水保局,沄水國小,81M69
宜蘭縣蘇澳鎮,永樂路1號 - 水保局,永樂國小,81U91
嘉義縣太保市,太保里31號(太保市圖書館),太保,C0M68
南投縣信義鄉,望美村(望鄉工作站) - 第4河川局,望鄉,01H39
臺南市東山區,青山里 - 水保局,崁頭山,81O96
高雄市桃源區,建山里 - 水保局,建山國小,81V82
嘉義縣鹿草鄉,西井村287號(鹿草鄉公所),鹿草,C0M78
臺南市東山區,高原里4鄰31號(果園),東原,C1X04
嘉義縣義竹鄉,東光村7號(台糖東後寮農場),東後寮,C0M52
高雄市六龜區,民治路9號(六龜消防隊),六龜,C0V80
宜蘭縣南澳鄉,東岳村蘇花路三段209號(東澳國小),東澳,C0U76
南投縣信義鄉,(丹大事業區10林班、瞭望台旁),丹大,C1I05
臺南市永康區,鹽行里正南五街520巷88號,永康,46742
南投縣信義鄉,中橫同富村同和巷47號(和社分社觀測坪),和社,C1I07
臺南市下營區,仁里里(下營國小附近),下營,C0X06
嘉義縣阿里山鄉,達邦村21號(鄒族自然與文化中心),達邦,C0M82
花蓮縣秀林鄉,(和平國小和中分校),和中,C0T9D
南投縣信義鄉,東埔村(東埔派出所) - 第4河川局,東埔,01H40
彰化縣北斗鎮,斗苑路二段150號(螺陽國小),北斗,C0G84
臺中市和平區,(雪山9.8K-9.9K),雪山圈谷,C0F0A
新北市雙溪區,泰平村 - 翡翠水庫,太平,L1A84
南投縣水里鄉,上安村 - 水保局,上安,81I54
高雄市甲仙區,(甲仙國中後山),甲仙,C0V25
臺南市龍崎區,崎頂里(崎頂民眾服務站) - 第6河川局,崎頂,01N86
宜蘭縣冬山鄉,南興村照安路26號(冬山國中),冬山,C0U68
花蓮縣秀林鄉,(立霧溪事業區67林班),大禹嶺,C0T79
南投縣鹿谷鄉,線浸林道11K附近,線浸林道,C1I51
嘉義縣番路鄉,下坑村蔡公店101號(番路鄉公所),番路,C0M72
南投縣水里鄉,郡坑村 - 水保局,郡坑,81I55
高雄市杉林區,月眉里山仙路1號(杉林區月眉段2181號、月眉農場),月眉,C0V26
高雄市前鎮區,漁港南二路2號,高雄,46744
高雄市杉林區,集來里 - 水保局,集來,88V56
高雄市林園區,林園北路179號(林園區公所),林園,C0V72
臺南市白河區,六溪里5鄰26號(六溪分校) - 第5河川局,六溪,01O08
南投縣水里鄉,中山路一段515號(玉山國家公園管理處),水里,C0I36
南投縣信義鄉,豐丘村豐丘產業道路底,豐丘,C1I29
嘉義縣六腳鄉,蒜頭村73-2號(六腳消防分隊),六腳,C0M74
嘉義縣竹崎鄉,竹崎村舊車站79號(竹崎消防分隊),竹崎,C0M70
南投縣仁愛鄉,守城段4地號,凌霄,C1I40
南投縣信義鄉,台21線道之人倫林道9.5K,西巒,C1I31
嘉義縣新港鄉,公園路28號(新港消防分隊),新港,C0M79
花蓮縣光復鄉,大進村糖廠街19號(花蓮光復糖廠),光復,C0T96
南投縣信義鄉,自強村綠美巷(內茅埔營林區23林班),信義,C0I08
宜蘭縣蘇澳鎮,(南澳事業區11林班),烏石鼻,C1U83
臺南市楠西區,曾文新村(曾文水庫管理局),曾文,C0O81
南投縣水里鄉,明潭巷73號 - 水保局,大觀發電廠,81H90
臺南市南化區,玉山里 - 水保局,羌黃坑,88O95
臺南市楠西區,中興路107號(楠西國中),楠西,C1O92
高雄市旗津區,中洲二路207號(旗津國中),旗津,C0V50
臺南市麻豆區,興國路9號(麻豆消防分隊),麻豆,C0X12
南投縣信義鄉,豐丘村 - 水保局,水保局豐丘,81I56
苗栗縣南庄鄉,蓬萊林道底(南庄事業區18林班),南礦,C1E67
臺南市關廟區,中正路998號(關廟區公所),關廟,C0X17
南投縣鹿谷鄉,內湖村(森林巷溪頭林營區、鳳凰山瞭望台旁),溪頭,C1I10
花蓮縣花蓮市,仁愛街19號 - 第9河川局,水利署花蓮,O1T84
宜蘭縣大同鄉,(大甲溪事業區40林班、思源啞口旁),思源,C0U73
花蓮縣鳳林鎮,鳳智里中正路二段1號(鳳林國小附近),鳳林,C1T93
臺南市後壁區,後壁里129號(後壁圖書館),後壁,C0X26
南投縣埔里鎮,投68/種瓜路口附近,外大坪,C1I24
宜蘭縣冬山鄉,冬山村(水利會冬山工作站) - 第1河川局,冬山,01U13
雲林縣古坑鄉,草嶺村龍頭,草嶺,C0K24
南投縣竹山鎮,大鞍里(杉林溪森林生態渡假園區收費亭附近),杉林溪,C1I47
高雄市甲仙區,西安村中山路50號(甲仙區公所) - 第7河川局,甲仙(2),01P66
南投縣水里鄉,永興村林朋巷148號 - 水保局,永興國小,81H97
臺中市和平區,(桃山山屋叉路解說牌附近),桃山,C0F9Y
高雄市內門區,木柵里木柵3號(木柵國小) - 第6河川局,木柵,01P19
雲林縣古坑鄉,草嶺村(永利賓館) - 第4河川局,草嶺(2),01J97
高雄市內門區,木柵里木柵3號(木柵國小),內門,C0V36
南投縣仁愛鄉,大尖山,大尖山,C1I50
南投縣信義鄉,自強村(臺大營林區) - 第4河川局,內茅埔(2),01H78
彰化縣溪湖鎮,大竹里彰水路二段725號(湖南國小),溪湖,C0G66
南投縣集集鎮,民生東路1號(特有生物研究保育中心),集集,C0I38
嘉義縣竹崎鄉,沙坑村58號(沙坑國小) - 第5河川局,沙坑,01L49
嘉義縣竹崎鄉,(阿里山事業區148林班、中興苗圃),奮起湖,C0M53
嘉義縣民雄鄉,文化路7號(民雄鄉公所),民雄,C0M76
南投縣國姓鄉,147縣道9K附近,樟湖,C1I22
臺南市南化區,北寮里48-4號,北寮,C0O83
南投縣信義鄉,羅娜村信筆巷73號 - 水保局,羅娜國小,81H99
南投縣水里鄉,頂崁村苗圃巷2-1號 - 第4河川局,龍神橋,O1H54
彰化縣芬園鄉,楓坑村大埔崙產業道路(往台灣民俗村方向),芬園,C0G62
南投縣仁愛鄉,(大甲溪事業區81林班、合歡山三角點附近),合歡山頂,C0H9C
高雄市內門區,永興村頂庄9號 - 第7河川局,溝坪,O1V81
南投縣國姓鄉,北山村中正路四段34號(北山發電廠) - 第3河川局,北山(2),01H68
新北市雙溪區,泰平里8鄰大平路43號(泰平國小分校附近),泰平,C0A55
宜蘭縣頭城鎮,協天路468號(中華電信頭城海纜站),頭城,C1U86
嘉義縣阿里山鄉,鄉新美村 - 水保局,新美國小,81M67
宜蘭縣蘇澳鎮,港區路1號6樓(蘇澳港行政大樓),蘇澳,46706
雲林縣莿桐鄉,和平路53號(莿桐鄉公所),莿桐,C0K48
南投縣仁愛鄉,翠華村華岡段70地號,翠華,C1I43
苗栗縣大湖鄉,新開村新開4鄰20號,新開,C1E51
南投縣仁愛鄉,(奧萬大森林遊樂區員工宿舍),奧萬大,C1I32
臺中市和平區,(雪山東峰停機坪旁),雪山東峰,C0F9Z
南投縣水里鄉,人和村民生巷3號 - 水保局,人和國小,81H94
南投縣鹿谷鄉,(鳳凰鳥園旁),鳳凰,C0I09
南投縣埔里鎮,麒麟里4鄰武界路31號,北坑,C1I26
南投縣南投市,鳳鳴里八卦路894號(西嶺國小對面),六分寮,C1H97
南投縣埔里鎮,大城里大城路169號(縣立大成國中),埔里,C0H89
嘉義縣中埔鄉,中埔村128號(中埔鄉公所),中埔,C0M64
雲林縣口湖鄉,口湖村中正路一段280號(口湖消防分隊),口湖,C1K54
南投縣國姓鄉,南港村九份二山(921地震紀念公園),九份二山,C1I23
南投縣仁愛鄉,曲冰段萬大林道7.2K附近,萬大林道,C0I49
臺南市白河區,中山路6號(白河消防分隊),白河,C0X21
嘉義市西區,北新里海口寮路56號,嘉義,46748
南投縣魚池鄉,日月村中正路211巷1號 - 水保局,德化國小,81H92
宜蘭縣大同鄉,南山村4鄰埤南巷31-3號(南山國小),南山,C1U72
臺南市東山區,東原村23鄰8號(東原國小) - 第5河川局,東原,01O19
南投縣竹山鎮,(樟空倫山三角點附近),大鞍,C1I12
雲林縣北港鎮,成功路30號(北辰國小) - 第5河川局,北港(2),O1J81
南投縣魚池鄉,東池村魚池街194號(衛生所),魚池,C0I37
宜蘭縣大同鄉,太平村太平巷 - 第1河川局,太平山(1),01U56
臺南市新化區,口埤18號(新化分場),虎頭埤,C0O97
新竹縣關西鎮,錦山里2鄰錦山21號 - 水保局,錦山派出所,81D62
花蓮縣秀林鄉,和平村 - 水保局,水保局和中,88T83
新北市雙溪區,上林村內平林60號 - 第1河川局,上林國小,O1AH2
南投縣仁愛鄉,(昆陽警察局「太魯閣國家公園」石碑後),昆陽,C0H99
南投縣中寮鄉,清水村龍林巷4鄰58-6號,蘆竹湳,C1I21
宜蘭縣大同鄉,四季村(留茂安派出所) - 第1河川局,留茂安,01U07
臺中市和平區,東崎路二段4號 - 第3河川局,雙崎(2),O1F39
宜蘭縣南澳鄉,澳花村(澳花國小) - 第1河川局,大濁水,01U23
臺南市玉井區,(台糖玉井糖廠),玉井,C0O93
宜蘭縣大同鄉,南山村(南山派出所) - 第1河川局,南山,01U08
嘉義縣阿里山鄉,來吉村 - 第4河川局,外來吉,O1M65
南投縣仁愛鄉,台14線(埔里事業區107林班),楓樹林,C1I33
嘉義縣大林鎮,中坑里芎蕉山41號 - 第5河川局,中坑(3),01L91
臺中市和平區,(雪嶺地區八仙山事業區60林班、小雪山莊後山),雪嶺,C1F94
新竹縣寶山鄉,寶新路二段475號 - 第2河川局,新城國小,O1D57
嘉義市東區,親水路123號(第5河川局水情中心),嘉義市東區,C0M73
雲林縣水林鄉,水北村水林路12號(水林鄉公所),水林,C0K51
臺南市六甲區,王爺里24號(六甲國小湖東分校),王爺宮,C0O84
南投縣中寮鄉,復興村初中巷50號(中寮國中),中寮,C0H95
南投縣國姓鄉,南港村 - 水保局,水保局九份二山,81I52
嘉義縣溪口鄉,妙崙村下崙52號(水利會溪口工作站) - 第5河川局,溪口(3),01M01
花蓮縣秀林鄉,(龍澗發電廠旁),龍澗,C1T98
彰化縣鹿港鎮,海埔里顏厝巷67號,鹿港,C0G64
南投縣國姓鄉,北港村國姓路63號 - 水保局,北港國小,81H96
彰化縣花壇鄉,中庄村中橋街226號(華南國小),花壇,C0G79
南投縣竹山鎮,中心崙林道4.1K,中心崙,C1I20
彰化縣溪州鄉,大庄村中橫巷1號(大莊國小),下水埔,C1G69
南投縣國姓鄉,民族街40號(老人文康活動中心),國姓,C0I42
新竹縣寶山鄉,新湖路280號,寶山,C0D58
嘉義縣溪口鄉,中正東路103號(溪口國中學生活動中心),溪口,C0M66
嘉義縣梅山鄉,太和村 - 水保局,太和村,81M68
南投縣水里鄉,玉峰村仁愛路三號 - 水保局,玉峰國小,81H93
南投縣埔里鎮,中心路2K(埔里高工旁),鯉潭,C1I25
南投縣草屯鎮,雙冬里,雙冬,C1H94
苗栗縣南庄鄉,東村文化路3號(南庄國小),南庄,C0E43
嘉義縣東石鄉,東石村3號(東石鄉公所),東石,C0M71
臺中市清水區,護岸路37號(高美國小),清水,C0F9P
新北市瑞芳區,(鼻頭角燈塔旁),鼻頭角,C0A95
南投縣竹山鎮,鯉南路338號,桶頭,C1I13
嘉義縣大林鎮,新興街110號(大林地政事務所),大林,C0M67
臺中市和平區,平等村武陵路3號(武陵農場),武陵,D2F23
花蓮縣豐濱鄉,新社村9鄰東興18-1號 - 水保局,東興部落,81T87
苗栗縣大湖鄉,大寮村5鄰竹高屋34-1號附近,大湖,C0E52
雲林縣北港鎮,大同路565號(北港消防分隊),北港,C0K41
南投縣國姓鄉,福龜村長壽巷83號 - 水保局,福龜國小,81H95
新竹縣峨眉鄉,峨眉村峨眉街54號(峨眉國中),峨眉,C0D43
雲林縣口湖鄉,湖口村170號(央廣口湖分台),宜梧,C0K29
臺中市和平區,梨山里福壽路29號(福壽山農場),梨山,C0F86
南投縣信義鄉,地利村5鄰開信巷98-3號,青雲,C1I15
新竹市香山區,長興路500巷17弄6號,香山,C0D57
彰化縣芳苑鄉,仁愛村斗苑路芳苑段211號(芳苑國中),芳苑,C0G87
苗栗縣頭份鎮,流東里信德路58號 - 第2河川局,珊珠湖,01E24
臺中市神岡區,三民路639號(圳堵國小),神岡,C0F9I
苗栗縣頭份市,中正路219號(頭份國小),頭份,C0E73
臺南市官田區,中山路一段132號(官田區公所),官田,C0X13
南投縣仁愛鄉,親愛村萬大水庫宿舍旁,萬大,C1I02
南投縣竹山鎮,桶頭里活動中心 - 第4河川局,桶頭(2),01H11
花蓮縣新城鄉,北埔村光復路485號(水利會新城工作站) - 第9河川局,北埔,01T50
新竹市香山區,內湖路109號 - 第2河川局,內湖國小,O1D58
屏東縣春日鄉,士文村65號(古華國小士文分校) - 第7河川局,士文,01R04
臺中市大雅區,(中科臺中園區),大雅,C0F9X
雲林縣虎尾鎮,林森路一段64號(中正國小),虎尾,C0K33
雲林縣古坑鄉,荷苞村山峰17號(山峰國小) - 第5河川局,水利署雲林大埔,01J96
南投縣國姓鄉,長豐村東二巷71號(仙徠山莊),長豐,C1H92
南投縣魚池鄉,水社村中山路270巷14號,日月潭,46765
臺中市烏日區,中山路二段196號(烏日國小),烏日,C0F9S
臺中市霧峰區,峰谷路496號 - 水保局,峰谷國小,81F90
臺中市大肚區,瑞井里遊園路一段2號(監理所),大肚,C0F00
南投縣草屯鎮,中山里草鞋墩1街8號(草屯鎮公所),草屯,C0H96
苗栗縣竹南鎮,大埔里仁愛路1092號(大埔國小),竹南,C0E42
新竹縣竹北市,光明五街60號,新竹,46757
臺北市北投區,竹子湖產業道路3K+200(青菜園餐廳附近) - 北市府大地工程處,竹湖,A1AD2
苗栗縣三義鄉,火炎山 - 水保局,火炎山,81E88
宜蘭縣頭城鎮,濱海路七段65號 - 水保局,大里國小,81U89
苗栗縣大湖鄉,民族路42號 - 第2河川局,大湖(1),01E27
臺中市大安區,中庄里中山南路296號(大安國小),大安,C0F9K
南投縣集集鎮,林尾里公館巷3號 - 第4河川局,集集(2),00H71
彰化縣彰化市,進德路1號(地理系),彰師大,A0G72
新北市貢寮區,(遊客中心後),福隆,C0A88
苗栗縣造橋鄉,造橋村14鄰3號(造橋國小),造橋,C0E74
南投縣仁愛鄉,法治村,武界,C1I03
新竹縣橫山鄉,橫山村橫山段426-6地號,橫山,C0D54
雲林縣土庫鎮,建國路41號(土庫消防分隊),土庫,C0K39
臺南市柳營區,果毅里61號(果毅國小),柳營,C0X27
臺中市太平區,東汴里山田路10號(陳平利果園) - 第3河川局,頭汴坑,01F68
彰化縣埔鹽鄉,永樂村永樂路600號(永樂國小),埔鹽,C0G80
臺中市西屯區,西屯路二段300號(西屯國小),西屯,C0F9T
雲林縣崙背鄉,阿勸村阿勸段487號(阿勸農場),崙背,C0K25
新北市三峽區,鳶山里中山路551號(板新給水廠) - 第10河川局,水利署三峽,01A22
新北市瑞芳區,弓橋里 - 水保局,大粗坑,81AI3
苗栗縣泰安鄉,(八卦派出所附近),八卦,C1E70
南投縣南投市,鳳鳴里八卦路839號(社區活動中心) - 第3河川局,六分寮,01H59
雲林縣大埤鄉,中山路8號(大埤鄉公所),大埤,C0K45
嘉義縣梅山鄉,(瑞里派出所附近、公墓旁),瑞里,C1M62
南投縣竹山鎮,集山路二段345號 - 水保局,車籠埔,81H98
南投縣仁愛鄉,新生村山林巷1號(中興大學惠蓀林場) - 第3河川局,惠蓀(2),00H81
宜蘭縣大同鄉,四季村和勳巷1號(四季國小) - 第1河川局,四季,01U78
苗栗縣苗栗市,中正路241號(建功國小),苗栗,C0E75
南投縣仁愛鄉,大同村(翠峰派出所) - 第4河川局,翠峰,01H31
新竹縣五峰鄉,桃山村民石380號(雪霸農場),雪霸,C0D55
苗栗縣南庄鄉,東村大同路3號(南庄鄉公所) - 第2河川局,南庄(1),01E17
臺南市新市區,永就里53號(番子寮農場),新市,C0O98
宜蘭縣大同鄉,寒溪村 - 水保局,水保局寒溪A,88U83
苗栗縣泰安鄉,錦水村10鄰橫龍山52號(橫龍山派出所) - 第2河川局,橫龍山,01E03
雲林縣四湖鄉,湖西村中正路766號(四湖國中),四湖,C0K28
臺南市新化區,東榮里中興路42巷36號(虎頭埤水庫) - 第6河川局,虎頭埤,01O71
雲林縣西螺鎮,永安里中山路(水利會西螺工作站) - 第4河川局,西螺(2),01J10
苗栗縣造橋鄉,龍昇村新庄子10-7號 - 第2河川局,大潭,01E39
彰化縣福興鄉,員鹿路二段270號(福興國中),福興,C0G77
苗栗縣泰安鄉,橫龍古道(大湖事業區18林班),泰安,C1E72
花蓮縣花蓮市,花崗街24號,花蓮,46699
新北市坪林區,石曹村碧湖路7號附近 - 第10河川局,水利署碧湖,01A19
新北市貢寮區,(三貂角燈塔旁),三貂角,C0A97
臺南市左鎮區,中正里171號之4(左鎮區公所),左鎮,C0X20
南投縣信義鄉,(丹大事業區16林班),卡奈托灣,C1I14
臺中市太平區,136縣道9.5K,清水林,C1F9J
彰化縣溪州鄉,溪下路四段560號(溪州鄉公所),溪州,C0G72
臺中市東勢區,東蘭路 - 第3河川局,卓蘭(2),01E23
南投縣竹山鎮,延和里向學街32號(竹山國小),竹山,C0I11
宜蘭縣大同鄉,太平林道22.3K(太平山93林班),太平山,C0U71
宜蘭縣南澳鄉,金洋村(村辦公室) - 第1河川局,樟林,01U45
苗栗縣泰安鄉,錦水村(離泰安方向、瞭望台旁),馬都安,C0E61
彰化縣二林鎮,萬興里(水利會萬興工作站) - 第4河川局,萬興(2),01G24
臺南市六甲區,王爺里王爺宮9鄰24號(湖東國小) - 第6河川局,王爺宮,01O75
南投縣草屯鎮,健行路65巷90號 - 水保局,平林國小,81H91
臺南市新營區,中正路30號(新營市代會),新營,C0X25
宜蘭縣冬山鄉,(中山瀑布附近),新寮,C1U69
雲林縣林內鄉,林中村中正路388號(水利會林內工作站) - 第5河川局,林內(1),01J93
宜蘭縣冬山鄉,中山村中山路126號 - 第1河川局,新寮(1),01U12
新北市平溪區,東勢村番子坑34-2號 - 第10河川局,水利署火燒寮,01A20
苗栗縣三灣鄉,大河村48號(大河派出所),大河,C0E85
宜蘭縣礁溪鄉,二結村1鄰9-1號(宜蘭大學實驗林場),大礁溪,C1U61
臺中市和平區,台8甲線69K-70K、勝利路接翠巒產業道路6.2K,德基,C1F9W
臺南市南化區,大竹坑村(43林班) - 第6河川局,大竹坑,O1N1A
彰化縣二林鎮,仁愛路200號(二林消防分隊),二林,C0G73
臺南市大內區,環湖里10號(大內國小鳴頭分校),環湖,C1O85
南投縣名間鄉,董門巷2號(立體停車場),名間,C0I41
新北市雙溪區,長源里柑腳3號 - 水保局,柑林國小,81AH7
雲林縣西螺鎮,公正路211號(西螺消防分隊),西螺,C0K42
花蓮縣秀林鄉,(雙露山),三棧,C1Z09
新竹縣橫山鄉,內灣村3鄰110號 - 水保局,內灣國小,81D65
彰化縣埤頭鄉,大湖村大湖路260號(大湖國小),埤頭,C0G83
臺中市霧峰區,桐林里民生路(桐林國小斜對面),桐林,C1F9B
澎湖縣馬公市,新興路2號,澎湖,46735
新北市瑞芳區,靜安路四段1巷1號(五分山雷達站旁),五分山,C0AH3
新竹縣五峰鄉,桃山村,白蘭,C1D41
宜蘭縣壯圍鄉,壯五路40號(壯圍國小),壯圍,C0U62
苗栗縣後龍鎮,(後龍溪橋旁),後龍,C0E54
桃園市龍潭區,中興路726號(龍潭消防分隊),龍潭,C0C67
雲林縣東勢鄉,東南村所前街3號(東勢鄉公所),東勢,C0K52
臺中市和平區,(博愛國小谷關分校附近),上谷關,C1F87
雲林縣古坑鄉,華山村 - 水保局,華山,81K57
桃園市大溪區,員林路二段450號(員樹林國小),大溪,C0C63
彰化縣大城鄉,東城村中平路185號(大城鄉公所),大城,C0G74
苗栗縣泰安鄉,大興村(泰安國小附近),南勢山,C1E68
臺中市潭子區,中山路二段435號(潭子國小),潭子,C0F9O
苗栗縣西湖鄉,二湖村2鄰22號(僑文國小),西湖,C0E81
彰化縣二水鄉,文化村119號(二水國小),二水,C0G88
臺中市東勢區,台8線10.5K(往馬鞍農場方向),慶福山,C1F9G
臺中市北區,精武路295號,臺中,46749
雲林縣二崙鄉,中正路80號(二崙消防分隊),二崙,C0K44
苗栗縣泰安鄉,(雪霸國家二本松解說站旁),松安,C1E46
雲林縣古坑鄉,麻園村1-10號,古坑,C2K57
臺中市大甲區,開元路71號(大甲高工),大甲,C0F93
苗栗縣頭屋鄉,(明德水庫水利工作站),明德,C0E55
雲林縣臺西鄉,中山路110巷38號(臺西消防分隊),臺西,C0K53
雲林縣林內鄉,坪頂村 - 水保局,坪頂,81K58
臺南市善化區,益民寮60號(亞洲蔬菜研究發展中心),善化,C0O90
南投縣仁愛鄉,南豐村 - 水保局,南豐,88H89
澎湖縣望安鄉,花嶼村2號(花嶼國小),花嶼,C0W13
南投縣仁愛鄉,大同村仁和路136號(台14甲線19K-19.5K長途通信機房旁),翠峰,C1H00
彰化縣竹塘鄉,永安村東陽路二段221號(永安派出所),竹塘,C0G75
雲林縣古坑鄉,中山路393號(古坑消防分隊),古坑,C0K49
南投縣南投市,玉井街5號(南投市公所),南投,C0I46
臺中市和平區,博愛里 - 水保局,松鶴,81F0B
苗栗縣獅潭鄉,(公所圖書館),獅潭,C0E82
彰化縣伸港鄉,新港村和平路60號(新港國小),伸港,C0G89
臺中市后里區,甲后路110號(后里國小),后里,C0F9L
新北市雙溪區,雙溪里(社區活動中心旁花圃),雙溪,C0A89
臺中市新社區,福興里福民路13號,白毛台,C1F9D
桃園市復興區,澤仁里中正路248號(介壽國中),復興,C0C46
臺中市北屯區,軍福十三路268號(東山消防分隊),大坑,C0F97
苗栗縣通霄鎮,城北里1鄰13號(城中國小),通霄,C0E59
臺中市梧棲區,臺灣大道十段2號6樓(海港大樓),梧棲,46777
新竹縣關西鎮,北斗里北門口41號(關西國中),關西,C0D39
臺中市東勢區,詒福段163地號(台電門口),新伯公,C1F91
臺中市南屯區,黎明路一段968號(南屯國小),南屯,C0F9U
新竹縣新埔鎮,下寮里43號(義民廟右方路旁),新埔,C1D38
宜蘭縣員山鄉,,雙連埤,C0U52
臺南市東山區,東河里54號(東河水利工作站),東河,C0X05
桃園市平鎮區,中豐路山頂段375巷45號(山豐國小),平鎮,C0C65
雲林縣元長鄉,長南村仁愛街2號(元長鄉公所),元長,C0K50
臺中市和平區,中坑里中坑巷41號 - 水保局,中坑國小,81F88
苗栗縣苑裡鎮,信義路1號(苑裡鎮公所),苑裡,C0E83
宜蘭縣頭城鎮,(北關海防班哨旁),北關,C1U58
新北市三峽區,五寮里69號 - 水保局,五寮國小,81AI0
雲林縣斗南鎮,延平路二段266號(停一立體停車場),斗南,C0K46
苗栗縣後龍鎮,南港里(南勢山),南勢,C1E60
臺中市豐原區,豐榮里12鄰新生北路155號(豐原國小),豐原,C0F9M
澎湖縣白沙鄉,吉貝村182-2號(吉貝遊客中心),吉貝,A0W08
臺中市新社區,中和里(龍安橋附近),龍安,C1F9E
新竹縣北埔鄉,大坪段內大坪小段36-54地號,外坪(五指山),C1D64
臺中市太平區,長龍路(中埔二號橋附近),中竹林,C0F9A
南投縣名間鄉,埔中村11-3號,埔中,C1I28
嘉義縣梅山鄉,中山路282號(梅山鄉公所),梅山,C0M77
南投縣仁愛鄉,裡冷溪林道(臺中市、南投縣交界),阿眉,C1H9B
雲林縣古坑鄉,棋盤村棋山49號(棋山國小),棋山,C0K56
澎湖縣望安鄉,東吉村156號,東吉島,46730
嘉義縣阿里山鄉,鄉樂野村 - 水保局,阿里山國小,81M66
臺中市新社區,大南里興中街46號(種苗改良繁殖場),新社,C0F9V
苗栗縣三義鄉,廣盛村10鄰122號(三義高中),三義,C0E53
南投縣仁愛鄉,互助村,清流,C1H90
桃園市楊梅區,金華街100號(楊心國小),楊梅,C0C66
彰化縣秀水鄉,安東村中山路257號(秀水國小),秀水,C0G78
苗栗縣公館鄉,鶴岡村178號(鶴岡國中),公館,C1E77
臺中市龍井區,西里龍門路51號(龍井國小),龍井,C0F9R
臺中市太平區,?仔坑路95號 - 水保局,坪廓分校,81F89
新竹市東區,復路二段321號(工研院光復院區6館),新竹市東區,C0D66
雲林縣林內鄉,中正路685號(林內消防分隊),林內,C0K47
臺中市大里區,文化街120號(塗城國小),大里,C0F9N
桃園市新屋區,東興路二段946號,新屋,46705
臺北市內湖區,金龍產業道路(金面山步道0.6K) - 北市府大地工程處,金面,A1AG8
臺中市東勢區,勢林街(宏覺寺旁),伯公龍,C1F9F
臺北市信義區,紫雲街43號附近 - 北市府大地工程處,挹翠,A1AC7
桃園市八德區,興仁里興豐路222號(八德國小),八德,C0C49
新北市汐止區,中興路社后橋 - 第10河川局,社后橋,01AG0
新北市板橋區,大觀路二段265巷62號,板橋,46688
臺北市內湖區,東湖路115號 - 北市府水利處,東湖國小,A1AA5
新北市三峽區,復興路238號(三峽國中),三峽,C0AC6
宜蘭縣礁溪鄉,大忠村大忠路 - 第1河川局,五峰,01U46
新北市新店區,莒光路29號,新店,A0A9M
新北市汐止區,(國軍示範公墓旁、復興廣播電臺前),五指山,C0A87
臺北市信義區,信義福德街221巷(瑤池宮斜對面) - 北市府大地工程處,四獸,A1AG4
新竹縣新埔鎮,新北里8鄰大北坑28號,打鐵坑,C0D48
苗栗縣泰安鄉,梅園村 - 第3河川局,松安,01E08
臺北市士林區,(雙溪自來水廠) - 北市府水利處,水利處雙溪,A1AB8
臺北市中正區,水源路(中正橋、靠臺北市堤防) - 第10河川局,中正橋,01A41
新竹縣尖石鄉,養老村 - 石門水庫,白石,21D16
臺北市士林區,仰德大道四段75號 - 北市府水利處,格致國中,A1AA1
臺北市內湖區,內湖路一段520號(內湖高工),內湖,C0A9F
南投縣仁愛鄉,大同村仁和路21號,廬山,C0I01
新竹縣五峰鄉, - 水保局,五峰國小,81D60
新北市平溪區,東勢里,火燒寮,C0A65
臺北市南港區,舊庄路二段(茶葉製造示範場停車場) - 北市府大地工程處,茶場,A1AD7
新竹縣關西鎮,東光里16張49號(富光國中) - 第2河川局,關西(3),01D30
臺北市南港區,南港路三段268號之1 - 北市府水利處,玉成,A1AB4
新北市鶯歌區,尖山埔路106號(鶯歌國小),鶯歌,C0AD5
臺北市北投區,學園路2號(臺北城市科技大學),關渡,C1AC5
新北市三峽區,插角里 - 第10河川局,大豹,01A21
桃園市復興區,高義里 - 石門水庫,高義,21C08
臺北市大同區,延平北路二段239號 - 北市府水利處,太平國小,A1A9X
臺北市中山區,北安路420號(大直高中),大直,C0A9A
臺南市大內區,大內里63號(大內國小),大內,C0O86
宜蘭縣員山鄉,(內城湖附近),再連,C1U63
南投縣仁愛鄉,互助村清風路(三角公園附近) - 第3河川局,清流(1),01H72
宜蘭縣大同鄉,英土村(梵梵派出所) - 第1河川局,梵梵(2),01U06
新北市三峽區,有木里131號 - 水保局,有木國小,81AI2
新北市烏來區,福山里李茂岸8號(福山國小旁),福山,C0A56
澎湖縣西嶼鄉,195號(西嶼燈塔),西嶼,C0W12
苗栗縣獅潭鄉,和興村8鄰4號 - 第2河川局,和興,01E37
新北市石碇區,永安里 - 翡翠水庫,十三股,L1A82
基隆市仁愛區,港西街6號6樓(海港大樓),基隆,46694
臺北市文山區,指南路三段2巷14號 - 北市府水利處,北政國中,A1AB0
新北市八里區,中山路二段338號(八里國小),八里,C0AD1
新北市林口區,民治路25號 - 第10河川局,林口(1),01A16
臺南市南化區,南化里226-1號(南化衛生所) - 第6河川局,南化(2),01N85
臺北市北投區,復興三路312號 - 北市府水利處,大屯國小,A1A9T
新北市金山區,中興段404地號(磺港社區活動中心旁),金山,C0A94
臺南市山上區,豐德里隙子口5-1號(中油豐德供油中心),山上,C0X18
高雄市桃源區,寶山村寶山巷16號(寶山派出所) - 第7河川局,寶山,O1V51
新北市新店區,安康路三段800號 - 水保局,五城加油站,81AH8
臺北市士林區,至善路三段(原明德樂園附近) - 北市府大地工程處,大地工程處明德,A1AC8
桃園市中壢區,五權里(中央大學),中壢,C0C52
新北市三峽區,竹坑路底 - 第10河川局,熊空山,01AG1
新北市淡水區,中正東路42巷6號,淡水,46690
臺北市信義區,福德街221巷15號 - 北市府水利處,?公國中,A1AA6
臺北市信義區,市府路1號(臺北市政府),信義,C0AC7
宜蘭縣頭城鎮,(龜山島山頂401高地觀景台),龜山島,C0U75
南投縣仁愛鄉,翠華村翠巒路21號 - 第3河川局,翠巒,01H21
新北市新店區, - 水保局,精忠,81AH4
臺北市中山區,(劍潭山廣播電臺斜對面) - 北市府大地工程處,劍潭,A1AG5
臺中市和平區,天輪里天輪巷42號(白冷國小),白冷,C1F9C
新竹市北區,崧嶺路12巷38號 - 第2河川局,成德中學,O1D59
苗栗縣竹南鎮,大埔里仁愛路867號(水利會工作站) - 第2河川局,水利署大埔,01E12
臺北市文山區,指南路三段(水鋼琴社區附近) - 北市府大地工程處,指南,A1AC4
臺北市士林區,平菁街101號(平等國小),平等,C0AH4
臺北市士林區,陽明山竹子湖路2號 - 第10河川局,竹子湖(2),01A42
新竹縣尖石鄉,新光村 - 石門水庫,鎮西堡,21D17
臺北市士林區,平菁街101號 - 北市府水利處,平等國小,A1AA2
臺北市南港區,興南路62號(東新國小),南港,C0A9G
宜蘭縣大同鄉,松羅村鹿場路11號(松羅山頂瞭望亭旁),玉蘭,C0U65
宜蘭縣冬山鄉,北成里(五結堤防堤頂) - 第1河川局,新北城,01U19
新北市瑞芳區,龍山里逢甲路360號(義方國小),瑞芳,C0A66
臺北市北投區,(貴子坑水土保持戶外教室) - 北市府大地工程處,貴子,A1AD8
新竹縣尖石鄉,梅花村1鄰11號(梅花國小),梅花,C0D36
宜蘭縣宜蘭市,力行路150號,宜蘭,46708
臺北市中山區,濱江街3號 - 北市府水利處,建國,A1AB5
新北市中和區,錦和路350號(錦和運動公園),中和,C0AG9
桃園市楊梅區,豐野里1鄰151號(富崗水尾工作站),水尾,C1C51
桃園市復興區,華峻里 - 石門水庫,嘎拉賀,21C09
臺北市松山區,新東街30巷1號 - 北市府水利處,民生國中,A1A9Y
臺北市北投區,石牌路一段139號(石牌國中),石牌,C0A9B
宜蘭縣三星鄉,月眉街(運動公園),三星,C1U66
新北市烏來區,后桶街49號孝義里5K-6K,桶後,C0A57
苗栗縣三灣鄉,大河村64號 - 第2河川局,大河,01E38
臺北市內湖區,安泰街(聖明宮後) - 北市府大地工程處,安泰,A1AD3
桃園市龜山區,舊路里振興路1169號(大埔國小),龜山,C0C64
新竹縣五峰鄉,桃山村16鄰277號(清泉派出所宿舍) - 第2河川局,清泉,01D11
基隆市中正區,彭佳嶼路2號,彭佳嶼,46695
臺北市文山區,和興路2號 - 北市府水利處,埤腹,A1AB1
新北市深坑區,文化街45號(深坑國小),深坑,C0AD2
新北市坪林區,坪林街114號(坪林國小附近) - 第10河川局,坪林,01A17
臺北市北投區,中央北路四段48號 - 北市府水利處,桃源國中,A1A9U
宜蘭縣大同鄉,,牛鬥,C1U50
新北市烏來區,信褔11號 - 水保局,信賢派出所,81AH9
宜蘭縣頭城鎮,濱海路四段250號 - 水保局,大溪國小,81U90
新北市坪林區,,坪林,C0A53
新竹縣新豐鄉,上坑村坑子口102-1號(小叮噹科學遊樂區),新豐,C0D59
苗栗縣三義鄉,廣盛村80號 - 第2河川局,三義(2),01E29
臺北市士林區,萬溪產業道路支線1K+650 - 北市府大地工程處,溪山,A1AC9
桃園市大園區,埔心里25鄰中正東路一段189巷35號(埔心國小),埔心,C0C54
基隆市七堵區,堵北里 - 第10河川局,五堵,01B03
臺北市北投區,陽明山竹子湖路111號,鞍部,46691
臺北市南港區,舊庄街一段100號 - 北市府水利處,舊莊國小,A1AA7
臺北市文山區,木柵路四段159巷14-1號(博嘉國小),文山,C0AC8
苗栗縣公館鄉,開礦村9鄰143號 - 水保局,開礦國小,81E71
金門縣金湖鎮,后壟村31號(金門農試所),金門(東),A0W03
新北市萬里區,瑪鋉路18號 - 水保局,萬里國小,81AH5
臺北市大安區,(福州山公園景觀平台旁) - 北市府大地工程處,福州,A1AG6
臺北市南港區,舊庄路一段(山豬窟垃圾衛生掩埋場附近) - 北市府大地工程處,舊莊,A1AC5
雲林縣斗六市,鎮北路345-1號(斗六消防分隊),斗六,C0K40
新竹縣芎林鄉,王爺坑段83-7地號,飛鳳山,C1D63
嘉義縣竹崎鄉,(阿里山鐵路獨立山站、獨立山三角點),獨立山,C1M48
新北市烏來區,大羅蘭村 - 第10河川局,福山,01A43
新竹縣尖石鄉,秀巒村 - 石門水庫,西丘斯山,21D35
臺北市士林區,至善路二段360號 - 北市府水利處,至善國中,A1AA3
新北市三重區,集美街10號(集美國小),三重,C0A9I
雲林縣褒忠鄉,中勝路72號(褒忠國小) - 第5河川局,褒忠(2),01K06
新北市林口區,民治路25號(林口國中),林口,C0A71
彰化縣鹿港鎮,頂番里彰草路(水利會頭汴工作站) - 第4河川局,頭汴,01G09
臺北市內湖區,內湖大湖街219巷(石崁山步道口) - 北市府大地工程處,大地工程處大湖,A1AG2
新北市貢寮區,吉林村內寮街55號 - 第1河川局,吉林國小,O1AH3
金門縣金城鎮,金水里西海路一段250號,金門,46711
臺北市士林區,福志路80巷9號旁 - 北市府水利處,福德,A1AB6
新北市汐止區,大同路二段394號(汐止國中),汐止,C0AH0
新北市石門區,老梅村老梅路10號(老梅國小) - 第10河川局,水利署富貴角,01A35
桃園市復興區,羅浮里 - 石門水庫,霞雲,21C14
臺北市中正區,愛國東路158號 - 北市府水利處,中正國中,A1A9Z
臺北市士林區,天母東路116號(三玉國小),天母,C0A9C
臺中市東勢區,東關路647號(雙崎工作站),東勢,C0F85
宜蘭縣冬山鄉,大進路七路51號(大進國小),寒溪,C1U67
桃園市大溪區,大艽芎古道(湳仔溝停車場) - 水保局,大艽芎古道,81C70
新北市新店區,屈尺里10鄰屈尺路55號(屈尺國小),屈尺,C0A58
南投縣仁愛鄉,,瑞岩,C1H86
臺東縣臺東市,寶桑路24號 - 第8河川局,台東(7),01S61
臺北市中山區,劍南路(往至善路方向、正願寺後) - 北市府大地工程處,劍南,A1AD5
新北市平溪區,南山坪136號(停車場) - 第10河川局,平溪旅遊,NUP46
新竹縣尖石鄉,梅花村1鄰11號(梅花國小) - 第2河川局,梅花,01D18
臺北市萬華區,長順街64號 - 北市府水利處,雙園,A1AB2
新北市蘆洲區,三民路96號(三民高中),蘆洲,C0AD3
臺中市外埔區,土城里土城西路55號(安定國小),外埔,C0F9Q
南投縣仁愛鄉,大同村仁和路215號(梅峰農場),梅峰,C0I48
臺北市大安區,基隆路四段144巷61號(臺灣大學大氣科學系),公館,C1A73
澎湖縣望安鄉,東安村73-7號(望安鄉公所) - 第6河川局,望安,01W01
臺北市北投區,中央北路一段73號 - 北市府水利處,北投國小,A1A9V
南投縣草屯鎮,中山里草溪路791號 - 第3河川局,草屯(4),01H63
新北市坪林區,北宜公路(碧湖橋附近),四堵,C0A54
新竹縣湖口鄉,信勢村3鄰成功路109號(湖口消防分隊),湖口,C0D65
苗栗縣後龍鎮,中和里14鄰152號 - 第2河川局,南勢山,01E31
臺北市士林區,中華電信國際分公司海衛處二中心(陽明山地面電臺) - 北市府大地工程處,菁山,A1AD0
桃園市觀音區,廣福里10-42號(逸福農場),觀音,C0C59
新北市新店區,新烏路三段43號 - 翡翠水庫,翡翠,L1A79
桃園市龍潭區,大坪里(石門水庫後池堰) - 第10河川局,石門後池,01C40
臺北市中正區,公園路64號,臺北,46692
臺北市信義區,市府路1號 - 北市府水利處,市政中心,A1AA8
新北市新莊區,中和街193號(榮富國小),新莊,C0ACA
南投縣仁愛鄉,仁和路50號(台電仁愛服務所),仁愛,C0I39
宜蘭縣五結鄉,國民路1號(五結國小),五結,C0U78
宜蘭縣大同鄉,三星路八段501巷156號之1(清水地熱發電廠) - 第1河川局,清水,01U79
苗栗縣銅鑼鄉,樟樹村竹圍1號之871 - 水保局,慈惠堂,81E72
新北市石門區,山溪里10鄰九芎林13號(石門國小山溪分班附近),富貴角,C0A92
苗栗縣銅鑼鄉,福興村文化街1號(銅鑼國小),銅鑼,C0E78
新北市八里區,中華路三段236號 - 水保局,長坑國小,81AH6
臺北市文山區,景興路297巷(仙跡岩步道0.2K) - 北市府大地工程處,仙跡,A1AG7
新竹縣竹東鎮,(二重國小),竹東,C0D56
臺北市南港區,研究院路三段(往木柵、深坑方向) - 北市府大地工程處,大地工程處九如,A1AC6
桃園市桃園區,成功路二段144號(桃園農工),桃園,C0C48
新北市瑞芳區,魚寮路底(三貂嶺火車站旁) - 第10河川局,三貂嶺,01AF9
宜蘭縣大同鄉,棲蘭山 - 石門水庫,池端,21U11
臺北市內湖區,內湖金龍路100號 - 北市府水利處,碧湖國小,A1AA4
臺北市北投區,湖田段461-6地號(民航局大屯山助航臺),大屯山,C0AC4
宜蘭縣南澳鄉,(和平事業區91林班),觀音海岸,C1U85
新竹縣尖石鄉,錦屏村10鄰116 號 - 水保局,錦屏國小,81D64
新北市萬里區,溪底里香員林6-3號,大坪,C0A86
連江縣南竿鄉,四維村6鄰88號,馬祖,46799
臺北市北投區,稻香路復活山莊旁產業道路0K+600 - 北市府大地工程處,稻香,A1AG3
臺北市北投區,磺港路253號 - 北市府水利處,奇岩,A1AB7
新北市永和區,永平路205號(永平高中),永和,C0AH1
新竹縣尖石鄉,(新樂村復興礦場),鳥嘴山,C1D40
新北市瑞芳區,龍山里瑞芳街60號(瑞芳高工) - 第10河川局,瑞芳,01A38
新竹縣尖石鄉,玉峰村(玉峰國小對面) - 石門水庫,玉峰,21D15
臺北市信義區,基隆路二段99號 - 北市府水利處,三興國小,A1AA0
臺北市士林區,延平北路六段308號(社子國小),士林,C0A9E
宜蘭縣礁溪鄉,礁溪路四段23號(礁溪國中宿舍旁),礁溪,C0U60
桃園市復興區,高坡27號 - 水保局,高坡國小,81C71
新北市石碇區,湳窟34號附近,石碇,C0A64
臺中市和平區,(裡冷溪林道八仙山) - 第3河川局,八仙山(1),01F10
臺北市文山區,(指南水保教室旁停車場) - 北市府大地工程處,貓空,A1AD6
基隆市七堵區,華新二路21號 - 第10河川局,復興國小,NUP49
新竹縣尖石鄉,新樂村煤源 - 第2河川局,鳥嘴山,01D19
臺北市士林區,延平北路九段75巷5號 - 北市府水利處,中洲,A1AB3
新北市土城區,金城路一段90號(土城消防分隊),土城,C0AD4
新北市新店區,北宜公路(文山事業區4林班),四十份,C1A9N
桃園市復興區,華峻里 - 石門水庫,巴陵,21C07
臺北市士林區,中正路510號 - 北市府水利處,陽明高中,A1A9W
臺北市士林區,延平北路九段212號(臺北海洋技術學院),社子,C0A98
宜蘭縣大同鄉,太平村(土場檢查站) - 第1河川局,土場(1),01U05
新北市三峽區,建安路67號 - 水保局,建安國小,81AI1
金門縣烈嶼鄉,(九宮碼頭售票亭),九宮碼頭,C0W10
苗栗縣通霄鎮,福興里58-2號 - 第2河川局,大坪頂,01E33
臺北市士林區,陽明山國家公園擎天崗觀景臺南方200公尺 - 北市府大地工程處,擎天,A1AD1
桃園市蘆竹區,坑口里14鄰,蘆竹,C0C62
新北市石碇區,碧山里 - 翡翠水庫,九芎根,L1A81
桃園市龜山區,龍興街8巷20號 - 第10河川局,龍壽社區,01C57
臺北市北投區,陽明山竹子湖路2號,竹子湖,46693
臺北市文山區,木柵路四段159巷14號之1 - 北市府水利處,博嘉國小,A1AA9
新北市三芝區,育英路22號(三芝國小),三芝,C0AD0
新北市石碇區,潭邊村石崁路25號(石碇區公所) - 第10河川局,石碇,01A13
宜蘭縣員山鄉,湖西村雙埤路福山1號(福山植物園) - 第10河川局,福山植物園,01U88
臺北市北投區,陽明山竹子湖路17-2號 - 北市府水利處,湖田國小,A1A9S
新北市金山區,(三和國小兩湖分校),三和,C0A93
新北市瑞芳區,北37縣道(瑞侯公路) - 第10河川局,員山子,NUP81
新北市樹林區,中山路三段5號(山佳國小),山佳,C0A52
臺東縣延平鄉,延平林道23K(紅葉山瞭望台旁),紅葉山,C0S68
屏東縣恆春鎮,(貓鼻頭風景區),貓鼻頭,C0R35